{
  "rsi_14": {
    "mean": 52.605821644744225,
    "std": 14.069043536795371,
    "min": 27.76437152393423,
    "max": 86.40836619597685,
    "median": 50.74530764774068,
    "q25": 43.76496047240089,
    "q75": 60.87386087576357,
    "range_min": 35.210510270719546,
    "range_max": 69.4283110774449,
    "target_range": [
      35.210510270719546,
      69.4283110774449
    ]
  },
  "macd": {
    "mean": 4.408267853745364,
    "std": 14.429128343536293,
    "min": -12.517040512384511,
    "max": 65.18852488088123,
    "median": 0.19688461430558135,
    "q25": -0.10994945062474537,
    "q75": 2.3022902881124043,
    "range_min": -1.3160693199933202,
    "range_max": 3.508410157480979,
    "target_range": [
      -1.3160693199933202,
      3.508410157480979
    ]
  },
  "macd_signal": {
    "mean": 5.1863905815338915,
    "std": 18.43185940729453,
    "min": -14.08104213741121,
    "max": 110.83763090076184,
    "median": 0.4772345390251285,
    "q25": 0.03317648466965091,
    "q75": 2.4069021875451,
    "range_min": -1.1536863667680737,
    "range_max": 3.5937650389828244,
    "target_range": [
      -1.1536863667680737,
      3.5937650389828244
    ]
  },
  "macd_diff": {
    "mean": -0.7781227277885282,
    "std": 7.835599977315856,
    "min": -45.649106019880605,
    "max": 17.16591749875765,
    "median": -0.022341806900496863,
    "q25": -0.4887097165688792,
    "q75": 0.15840670661342515,
    "range_min": -0.8122679281600313,
    "range_max": 0.4819649182045773,
    "target_range": [
      -0.8122679281600313,
      0.4819649182045773
    ]
  },
  "ema_5": {
    "mean": 398.4104035614556,
    "std": 2071.8073041301936,
    "min": 2.302729237000258,
    "max": 14261.447980415724,
    "median": 28.64725251156213,
    "q25": 12.200590940523526,
    "q75": 109.16630850551749,
    "range_min": 2.302729237000258,
    "range_max": 157.64916728801447,
    "target_range": [
      2.302729237000258,
      157.64916728801447
    ]
  },
  "ema_10": {
    "mean": 399.36761728831414,
    "std": 2085.705047018769,
    "min": 2.3045166898959253,
    "max": 14357.135836302128,
    "median": 28.908461235871627,
    "q25": 12.248152479053699,
    "q75": 110.08449658355326,
    "range_min": 2.3045166898959253,
    "range_max": 159.00266863580305,
    "target_range": [
      2.3045166898959253,
      159.00266863580305
    ]
  },
  "ema_20": {
    "mean": 396.3050531605309,
    "std": 2080.6024506248173,
    "min": 2.2542595929146807,
    "max": 14322.219096033752,
    "median": 27.5233796766863,
    "q25": 12.123500119229131,
    "q75": 106.08940594636863,
    "range_min": 2.2542595929146807,
    "range_max": 153.0723588599384,
    "target_range": [
      2.2542595929146807,
      153.0723588599384
    ]
  },
  "ema_50": {
    "mean": 388.9820301915886,
    "std": 2065.4926817160917,
    "min": 2.2212443644699063,
    "max": 14219.028180315985,
    "median": 25.617002123927,
    "q25": 12.352025240876909,
    "q75": 98.71921179605017,
    "range_min": 2.2212443644699063,
    "range_max": 141.9028050736368,
    "target_range": [
      2.2212443644699063,
      141.9028050736368
    ]
  },
  "ema_100": {
    "mean": 380.253569643496,
    "std": 2045.3640716217712,
    "min": 2.267386707264072,
    "max": 14080.827306554438,
    "median": 26.434750234815297,
    "q25": 12.71666776740307,
    "q75": 92.09952497162445,
    "range_min": 2.267386707264072,
    "range_max": 131.79095357373512,
    "target_range": [
      2.267386707264072,
      131.79095357373512
    ]
  },
  "ema_200": {
    "mean": 365.88361237737973,
    "std": 1998.3223673917835,
    "min": 2.282256529608735,
    "max": 13755.282879212127,
    "median": 26.619465665830816,
    "q25": 12.36343403983261,
    "q75": 87.85188176839722,
    "range_min": 2.282256529608735,
    "range_max": 125.59610563267952,
    "target_range": [
      2.282256529608735,
      125.59610563267952
    ]
  },
  "sma_5": {
    "mean": 397.9303757819724,
    "std": 2069.3637239284944,
    "min": 2.334000062942505,
    "max": 14244.5,
    "median": 28.160000228881835,
    "q25": 12.123999881744385,
    "q75": 109.88000030517578,
    "range_min": 2.334000062942505,
    "range_max": 158.75800051689149,
    "target_range": [
      2.334000062942505,
      158.75800051689149
    ]
  },
  "sma_10": {
    "mean": 403.22817229615885,
    "std": 2109.687698433989,
    "min": 2.362000036239624,
    "max": 14522.25,
    "median": 29.173999977111816,
    "q25": 12.323500013351442,
    "q75": 113.48999938964843,
    "range_min": 2.362000036239624,
    "range_max": 164.07324907779693,
    "target_range": [
      2.362000036239624,
      164.07324907779693
    ]
  },
  "sma_20": {
    "mean": 395.06712220171664,
    "std": 2076.754050290051,
    "min": 2.2110000014305116,
    "max": 14295.125,
    "median": 26.721999645233154,
    "q25": 11.842500019073487,
    "q75": 108.25625,
    "range_min": 2.2110000014305116,
    "range_max": 156.46312499046326,
    "target_range": [
      2.2110000014305116,
      156.46312499046326
    ]
  },
  "sma_50": {
    "mean": 389.94703720386997,
    "std": 2073.540994841154,
    "min": 2.1826000022888183,
    "max": 14273.75,
    "median": 25.7988000869751,
    "q25": 12.654799976348876,
    "q75": 96.04549987792969,
    "range_min": 2.1826000022888183,
    "range_max": 137.7408498287201,
    "target_range": [
      2.1826000022888183,
      137.7408498287201
    ]
  },
  "sma_100": {
    "mean": 380.5535279718358,
    "std": 2064.851107644237,
    "min": 2.270499999523163,
    "max": 14214.5,
    "median": 24.328599948883056,
    "q25": 12.965149993896485,
    "q75": 92.68550006866455,
    "range_min": 2.270499999523163,
    "range_max": 132.54567510604858,
    "target_range": [
      2.270499999523163,
      132.54567510604858
    ]
  },
  "sma_200": {
    "mean": 365.3594648842482,
    "std": 2013.6898305065542,
    "min": 2.3400000017881393,
    "max": 13859.525,
    "median": 26.086900033950805,
    "q25": 11.97784200191498,
    "q75": 90.80248101234436,
    "range_min": 2.3400000017881393,
    "range_max": 130.21480051755904,
    "target_range": [
      2.3400000017881393,
      130.21480051755904
    ]
  },
  "adx": {
    "mean": 32.670799495661115,
    "std": 14.625145905551163,
    "min": 11.30219213751835,
    "max": 66.03831385764592,
    "median": 28.00865081074445,
    "q25": 20.110922456658017,
    "q75": 42.75401212159018,
    "range_min": 11.30219213751835,
    "range_max": 54.07555695405626,
    "target_range": [
      11.30219213751835,
      54.07555695405626
    ]
  },
  "adx_pos": {
    "mean": 26.802044323117894,
    "std": 9.890445472435818,
    "min": 10.935744915267415,
    "max": 55.77235626257251,
    "median": 24.60469493871584,
    "q25": 19.815165637089674,
    "q75": 31.91833548286406,
    "range_min": 13.763580714202481,
    "range_max": 37.96992040575125,
    "target_range": [
      13.763580714202481,
      37.96992040575125
    ]
  },
  "adx_neg": {
    "mean": 19.846036072546603,
    "std": 7.7841188929512555,
    "min": 5.2044640352830855,
    "max": 38.87997535758078,
    "median": 19.647736326280693,
    "q25": 14.66514759737047,
    "q75": 24.06526961740917,
    "range_min": 9.96508658735112,
    "range_max": 28.765330627428522,
    "target_range": [
      9.96508658735112,
      28.765330627428522
    ]
  },
  "stoch_k": {
    "mean": 43.5049945575503,
    "std": 32.69371619106873,
    "min": 0.0,
    "max": 100.0,
    "median": 36.36364818604627,
    "q25": 17.227738411557205,
    "q75": 72.0747663847539,
    "range_min": 0.0,
    "range_max": 99.49828037135225,
    "target_range": [
      0.0,
      99.49828037135225
    ]
  },
  "stoch_d": {
    "mean": 47.63442536184897,
    "std": 27.943962085660516,
    "min": 1.0508619853562244,
    "max": 100.0,
    "median": 41.134760767261376,
    "q25": 27.783014581407194,
    "q75": 69.45475371365276,
    "range_min": 6.947145015284409,
    "range_max": 90.29062327977555,