{
  "common_features": {
    "rsi_14": {
      "mean": 53.12312545719845,
      "median": 54.371590323704446,
      "std": 19.113141901496263,
      "min": 0.0,
      "max": 100.0,
      "q25": 39.66479137302769,
      "q75": 66.98564593301435
    },
    "rsi_9": {
      "mean": 52.937662613144646,
      "median": 54.938296024610004,
      "std": 22.937667728541005,
      "min": 0.0,
      "max": 100.0,
      "q25": 36.11110129964626,
      "q75": 70.53939938347573
    },
    "rsi_25": {
      "mean": 53.16455205539275,
      "median": 54.01785286637641,
      "std": 15.154372733383594,
      "min": 3.6293761821672774,
      "max": 96.66666666666667,
      "q25": 43.3433448436108,
      "q75": 63.95348108637514
    },
    "stoch_k": {
      "mean": 49.89651866478803,
      "median": 51.707309629859,
      "std": 30.300421848474254,
      "min": 0.0,
      "max": 100.00000000000001,
      "q25": 22.920897266262756,
      "q75": 76.4594995344774
    },
    "stoch_d": {
      "mean": 49.96204426321253,
      "median": 53.12500181090537,
      "std": 29.196939209866215,
      "min": 0.0,
      "max": 100.0,
      "q25": 23.34216683547795,
      "q75": 75.6080712958791
    },
    "macd": {
      "mean": -4.462173574523014,
      "median": 0.09880577230548959,
      "std": 317.8300618545829,
      "min": -15906.683269358007,
      "max": 3852.5590430258308,
      "q25": -0.24972044155533712,
      "q75": 0.9095500717364842
    },
    "macd_signal": {
      "mean": -0.29355880679023455,
      "median": 0.08623798797141435,
      "std": 355.25318894057995,
      "min": -12048.559508745979,
      "max": 13445.659451679909,
      "q25": -0.21946125223821777,
      "q75": 0.855831528874747
    },
    "macd_hist": {
      "mean": -4.168614767732779,
      "median": 0.020159244360007766,
      "std": 197.7941275992865,
      "min": -9593.100408654078,
      "max": 1677.2041609182052,
      "q25": -0.09622757544732333,
      "q75": 0.19381210518425773
    },
    "williams_r": {
      "mean": -50.10348133521197,
      "median": -48.292690370141,
      "std": 30.300421848474254,
      "min": -100.0,
      "max": -0.0,
      "q25": -77.07910273373724,
      "q75": -23.54050046552259
    },
    "cci": {
      "mean": 26.215164084900856,
      "median": 33.98461950622317,
      "std": 117.28836674531176,
      "min": -332.47388864600265,
      "max": 365.2173566461209,
      "q25": -68.46665165323162,
      "q75": 115.6280263428378
    },
    "roc_1": {
      "mean": -0.13203730347751083,
      "median": 0.0,
      "std": 4.0092637232090444,
      "min": -44.13758432137053,
      "max": 8.991004974540422,
      "q25": -2.291113054242983,
      "q75": 2.3027825320040933
    },
    "roc_3": {
      "mean": 0.6113077395414087,
      "median": 0.7120041419733572,
      "std": 8.50644390594797,
      "min": -63.547489643096924,
      "max": 31.741131741108436,
      "q25": -3.5069114649225055,
      "q75": 5.192220049199452
    },
    "roc_5": {
      "mean": 1.6297295714130529,
      "median": 1.145150851234761,
      "std": 11.86525651732494,
      "min": -78.36903117925755,
      "max": 56.050953237690024,
      "q25": -4.399236425560103,
      "q75": 7.409193365670218
    },
    "roc_10": {
      "mean": 4.197901426079694,
      "median": 2.3190652406409775,
      "std": 18.874351901107218,
      "min": -79.32283678314384,
      "max": 329.8876400160046,
      "q25": -5.645500906196126,
      "q75": 12.374841507561516
    },
    "roc_20": {
      "mean": 8.597798385031373,
      "median": 4.337866177265946,
      "std": 28.750097764703646,
      "min": -78.47030207001177,
      "max": 314.06925616084976,
      "q25": -6.536930224054127,
      "q75": 19.59987485508365
    },
    "momentum_10": {
      "mean": -37.65554782097282,
      "median": 0.21850797533988953,
      "std": 1619.6454642316446,
      "min": -65400.0,
      "max": 8000.0,
      "q25": -0.8088235855102539,
      "q75": 2.097498893737793
    },
    "adx": {
      "mean": 38.7217608858344,
      "median": 35.79450304623948,
      "std": 17.658828823093664,
      "min": 6.774352591379711,
      "max": 97.07221376520417,
      "q25": 25.165937275075837,
      "q75": 50.17236680917374
    },
    "plus_di": {
      "mean": 28.492489098078387,
      "median": 27.153661563067484,
      "std": 13.859501275963561,
      "min": 0.0,
      "max": 89.89637624132854,
      "q25": 18.08763773173589,
      "q75": 37.499996104272114
    },
    "minus_di": {
      "mean": 20.97631987907317,
      "median": 18.627453679393877,
      "std": 12.78389527598355,
      "min": 0.0,
      "max": 85.35866509476739,
      "q25": 11.540058115400582,
      "q75": 27.835024179821676
    },
    "aroon_up": {
      "mean": 53.719124911785464,
      "median": 60.0,
      "std": 35.052803813917755,
      "min": 0.0,
      "max": 96.0,
      "q25": 20.0,
      "q75": 88.0
    },
    "aroon_down": {
      "mean": 40.666196189131966,
      "median": 32.0,
      "std": 34.52509853836743,
      "min": 0.0,
      "max": 96.0,
      "q25": 8.0,
      "q75": 76.0
    },
    "atr_14": {
      "mean": 19.760550475360837,
      "median": 0.9957141876220703,
      "std": 350.12319320555133,
      "min": 0.0,
      "max": 16041.607142857143,
      "q25": 0.33761354968620494,
      "q75": 3.2514281954084123
    },
    "atr_20": {
      "mean": 23.485998907688128,
      "median": 0.9755000472068787,
      "std": 547.5851987426059,
      "min": 0.0,
      "max": 27844.375,
      "q25": 0.3368750333786011,
      "q75": 3.173952436780178
    },
    "bb_upper": {
      "mean": 763.6917683942629,
      "median": 21.614676567173174,
      "std": 17757.06763683617,
      "min": 0.33355000615119934,
      "max": 649618.1878758973,
      "q25": 7.510544975909921,
      "q75": 67.73164078730771
    },
    "bb_middle": {
      "mean": 683.4315981496092,
      "median": 18.481500005722047,
      "std": 16046.208269329756,
      "min": 0.33355000615119934,
      "max": 559072.625,
      "q25": 6.502580976486206,
      "q75": 57.680499982833865
    },
    "bb_lower": {
      "mean": 603.1714279049552,
      "median": 14.856884024832128,
      "std": 14383.942056532222,
      "min": -9.87747739274505,
      "max": 468527.0621241027,
      "q25": 5.34360576595994,
      "q75": 48.52437920106493
    },
    "bb_width": {
      "mean": 32.849707322626905,
      "median": 24.495691088817274,
      "std": 26.52070040259847,
      "min": 0.0,
      "max": 265.1399396259859,
      "q25": 15.899455610191438,
      "q75": 40.726917459407346
    },
    "bb_pct": {
      "mean": 0.5753058554656817,
      "median": 0.6085901885229604,
      "std": 0.33671989215376313,
      "min": -0.33632701625680345,
      "max": 1.3931035414931732,
      "q25": 0.2949625438545621,
      "q75": 0.8538101129386502
    },
    "hist_volatility": {
      "mean": 62.01386167886479,
      "median": 57.06893431902642,
      "std": 34.424862848024425,
      "min": 0.0,
      "max": 1134.6915343762032,
      "q25": 41.51260929755776,
      "q75": 77.31102823080191
    },
    "obv": {
      "mean": 381665855.85956246,
      "median": 49225618.0,
      "std": 1332277328.552584,
      "min": -5093558140.0,
      "max": 22050888998.0,
      "q25": 2526147.75,
      "q75": 269449000.0
    },
    "vpt": {
      "mean": 27756621.215801414,
      "median": 3588351.0720115136,
      "std": 96036517.18970501,
      "min": -298369538.9634419,
      "max": 1265995519.9248207,
      "q25": 460367.143163674,
      "q75": 18568987.157870978
    },
    "ad_line": {
      "mean": -494588317.2552846,
      "median": -50524070.42700586,
      "std": 1618112024.530877,
      "min": -26070391199.442303,
      "max": 2258764062.0972486,
      "q25": -313331412.5930283,
      "q75": -1132492.6065427372
    },
    "cmf": {
      "mean": -0.0519736962229652,
      "median": -0.06263604751030054,
      "std": 0.2344049148446294,
      "min": -0.7862394318769332,
      "max": 0.7766470514656414,